channel,coverage_68,depth_max_km,depth_min_km,method,posterior_std_mean,scale_label,test_set
vp,0.6602538824081421,10.0,0.0,DI-Strong,0.4516276717185974,raw,in-prior
vs,0.679638683795929,10.0,0.0,DI-Strong,0.24665363132953644,raw,in-prior
rho,0.658203125,10.0,0.0,DI-Strong,0.10993988811969757,raw,in-prior
vp,0.591552734375,30.0,10.0,DI-Strong,0.26547712087631226,raw,in-prior
vs,0.6258300542831421,30.0,10.0,DI-Strong,0.11580826342105865,raw,in-prior
rho,0.593579113483429,30.0,10.0,DI-Strong,0.07291670888662338,raw,in-prior
vp,0.588134765625,60.0,30.0,DI-Strong,0.2701271176338196,raw,in-prior
vs,0.6078287959098816,60.0,30.0,DI-Strong,0.09943677484989166,raw,in-prior
rho,0.5907226800918579,60.0,30.0,DI-Strong,0.09471229463815689,raw,in-prior
vp,0.612109363079071,100.0,60.0,DI-Strong,0.21982643008232117,raw,in-prior
vs,0.646252453327179,100.0,60.0,DI-Strong,0.06952120363712311,raw,in-prior
rho,0.6106323003768921,100.0,60.0,DI-Strong,0.08409079164266586,raw,in-prior
vp,0.6558663249015808,128.0,100.0,DI-Strong,0.2376568615436554,raw,in-prior
vs,0.7523018717765808,128.0,100.0,DI-Strong,0.07528656721115112,raw,in-prior
rho,0.6560581922531128,128.0,100.0,DI-Strong,0.0930805653333664,raw,in-prior
vp,0.7107909917831421,10.0,0.0,DI-Strong,0.5032655000686646,temperature_scaled,in-prior
vs,0.7308593988418579,10.0,0.0,DI-Strong,0.2748553156852722,temperature_scaled,in-prior
rho,0.7066406011581421,10.0,0.0,DI-Strong,0.12251009047031403,temperature_scaled,in-prior
vp,0.640820324420929,30.0,10.0,DI-Strong,0.29583099484443665,temperature_scaled,in-prior
vs,0.6715087890625,30.0,10.0,DI-Strong,0.12904943525791168,temperature_scaled,in-prior
rho,0.643725574016571,30.0,10.0,DI-Strong,0.08125379681587219,temperature_scaled,in-prior
vp,0.6412597894668579,60.0,30.0,DI-Strong,0.30101263523101807,temperature_scaled,in-prior
vs,0.6571452021598816,60.0,30.0,DI-Strong,0.11080609261989594,temperature_scaled,in-prior
rho,0.6431640386581421,60.0,30.0,DI-Strong,0.10554143041372299,temperature_scaled,in-prior
vp,0.6614990234375,100.0,60.0,DI-Strong,0.2449607402086258,temperature_scaled,in-prior
vs,0.692797839641571,100.0,60.0,DI-Strong,0.07747004926204681,temperature_scaled,in-prior
rho,0.660229504108429,100.0,60.0,DI-Strong,0.09370549023151398,temperature_scaled,in-prior
vp,0.708984375,128.0,100.0,DI-Strong,0.2648298442363739,temperature_scaled,in-prior
vs,0.7948172688484192,128.0,100.0,DI-Strong,0.08389461040496826,temperature_scaled,in-prior
rho,0.7108851671218872,128.0,100.0,DI-Strong,0.10372312366962433,temperature_scaled,in-prior
vp,0.5809570550918579,10.0,0.0,DI-Strong,0.3478521406650543,raw,boundary
vs,0.6012207269668579,10.0,0.0,DI-Strong,0.19368508458137512,raw,boundary
rho,0.521044909954071,10.0,0.0,DI-Strong,0.09255671501159668,raw,boundary
vp,0.2826904356479645,30.0,10.0,DI-Strong,0.3167419731616974,raw,boundary
vs,0.28010255098342896,30.0,10.0,DI-Strong,0.15276770293712616,raw,boundary
rho,0.3667236268520355,30.0,10.0,DI-Strong,0.07374472171068192,raw,boundary
vp,0.27566730976104736,60.0,30.0,DI-Strong,0.3206951320171356,raw,boundary
vs,0.30227863788604736,60.0,30.0,DI-Strong,0.1327768713235855,raw,boundary
rho,0.3249674439430237,60.0,30.0,DI-Strong,0.09898213297128677,raw,boundary
vp,0.07568359375,100.0,60.0,DI-Strong,0.2970159649848938,raw,boundary
vs,0.15957030653953552,100.0,60.0,DI-Strong,0.13051120936870575,raw,boundary
rho,0.07708740234375,100.0,60.0,DI-Strong,0.10573267936706543,raw,boundary
vp,0.1771414577960968,128.0,100.0,DI-Strong,0.335154265165329,raw,boundary
vs,0.1973353773355484,128.0,100.0,DI-Strong,0.14746370911598206,raw,boundary
rho,0.1818324476480484,128.0,100.0,DI-Strong,0.12400337308645248,raw,boundary
vp,0.9815918207168579,10.0,0.0,DI-Strong,1.0993764400482178,temperature_scaled,boundary
vs,0.9857422113418579,10.0,0.0,DI-Strong,0.6121360659599304,temperature_scaled,boundary
rho,0.932080090045929,10.0,0.0,DI-Strong,0.2925228178501129,temperature_scaled,boundary
vp,0.7497802972793579,30.0,10.0,DI-Strong,1.001053810119629,temperature_scaled,boundary
vs,0.705981433391571,30.0,10.0,DI-Strong,0.4828178286552429,temperature_scaled,boundary
rho,0.888867199420929,30.0,10.0,DI-Strong,0.2330680638551712,temperature_scaled,boundary
vp,0.7520182132720947,60.0,30.0,DI-Strong,1.0135475397109985,temperature_scaled,boundary
vs,0.6846354007720947,60.0,30.0,DI-Strong,0.41963741183280945,temperature_scaled,boundary
rho,0.894482433795929,60.0,30.0,DI-Strong,0.3128301203250885,temperature_scaled,boundary
vp,0.42694091796875,100.0,60.0,DI-Strong,0.9387103915214539,temperature_scaled,boundary
vs,0.520336925983429,100.0,60.0,DI-Strong,0.4124768376350403,temperature_scaled,boundary
rho,0.542126476764679,100.0,60.0,DI-Strong,0.3341650664806366,temperature_scaled,boundary
vp,0.6382707953453064,128.0,100.0,DI-Strong,1.059245228767395,temperature_scaled,boundary
vs,0.6661725640296936,128.0,100.0,DI-Strong,0.466054767370224,temperature_scaled,boundary
rho,0.7298235297203064,128.0,100.0,DI-Strong,0.391909122467041,temperature_scaled,boundary
vp,0.5518554449081421,10.0,0.0,DI-Strong,0.41604575514793396,raw,out-of-prior
vs,0.5733398199081421,10.0,0.0,DI-Strong,0.22920925915241241,raw,out-of-prior
rho,0.4468750059604645,10.0,0.0,DI-Strong,0.12443642318248749,raw,out-of-prior
vp,0.17524413764476776,30.0,10.0,DI-Strong,0.39035335183143616,raw,out-of-prior
vs,0.15402832627296448,30.0,10.0,DI-Strong,0.1888420432806015,raw,out-of-prior
rho,0.21059569716453552,30.0,10.0,DI-Strong,0.0938306599855423,raw,out-of-prior
vp,0.13987630605697632,60.0,30.0,DI-Strong,0.4197678864002228,raw,out-of-prior
vs,0.14166666567325592,60.0,30.0,DI-Strong,0.1822519302368164,raw,out-of-prior
rho,0.1827799528837204,60.0,30.0,DI-Strong,0.13363529741764069,raw,out-of-prior
vp,0.04117431491613388,100.0,60.0,DI-Strong,0.36741724610328674,raw,out-of-prior
vs,0.05731201171875,100.0,60.0,DI-Strong,0.17029336094856262,raw,out-of-prior
rho,0.04310302808880806,100.0,60.0,DI-Strong,0.1324295699596405,raw,out-of-prior
vp,0.0870710089802742,128.0,100.0,DI-Strong,0.39115574955940247,raw,out-of-prior
vs,0.0735560804605484,128.0,100.0,DI-Strong,0.1790686398744583,raw,out-of-prior
rho,0.0909075066447258,128.0,100.0,DI-Strong,0.14624735713005066,raw,out-of-prior
vp,0.987548828125,10.0,0.0,DI-Strong,1.907361626625061,temperature_scaled,out-of-prior
vs,0.983642578125,10.0,0.0,DI-Strong,1.0508097410202026,temperature_scaled,out-of-prior
rho,0.9737304449081421,10.0,0.0,DI-Strong,0.5704787969589233,temperature_scaled,out-of-prior
vp,0.6297607421875,30.0,10.0,DI-Strong,1.7895748615264893,temperature_scaled,out-of-prior
vs,0.5615234375,30.0,10.0,DI-Strong,0.8657463192939758,temperature_scaled,out-of-prior
rho,0.8257080316543579,30.0,10.0,DI-Strong,0.430166631937027,temperature_scaled,out-of-prior
vp,0.7372721433639526,60.0,30.0,DI-Strong,1.924425721168518,temperature_scaled,out-of-prior
vs,0.5849934816360474,60.0,30.0,DI-Strong,0.8355339169502258,temperature_scaled,out-of-prior
rho,0.958740234375,60.0,30.0,DI-Strong,0.612650990486145,temperature_scaled,out-of-prior
vp,0.5250610113143921,100.0,60.0,DI-Strong,1.6844241619110107,temperature_scaled,out-of-prior
vs,0.542651355266571,100.0,60.0,DI-Strong,0.7807098627090454,temperature_scaled,out-of-prior
rho,0.721691906452179,100.0,60.0,DI-Strong,0.6071233749389648,temperature_scaled,out-of-prior
vp,0.5325404405593872,128.0,100.0,DI-Strong,1.7932535409927368,temperature_scaled,out-of-prior
vs,0.5151541829109192,128.0,100.0,DI-Strong,0.8209401369094849,temperature_scaled,out-of-prior
rho,0.7179303765296936,128.0,100.0,DI-Strong,0.6704710721969604,temperature_scaled,out-of-prior
vp,0.504150390625,10.0,0.0,DI-Weak,0.5303758382797241,raw,in-prior
vs,0.5872558355331421,10.0,0.0,DI-Weak,0.34284406900405884,raw,in-prior
rho,0.500292956829071,10.0,0.0,DI-Weak,0.10190267860889435,raw,in-prior
vp,0.624755859375,30.0,10.0,DI-Weak,0.39566245675086975,raw,in-prior
vs,0.786938488483429,30.0,10.0,DI-Weak,0.2514314651489258,raw,in-prior
rho,0.5984131097793579,30.0,10.0,DI-Weak,0.10086202621459961,raw,in-prior
vp,0.5708170533180237,60.0,30.0,DI-Weak,0.36164936423301697,raw,in-prior
vs,0.8099283576011658,60.0,30.0,DI-Weak,0.21970558166503906,raw,in-prior
rho,0.448974609375,60.0,30.0,DI-Weak,0.10772284120321274,raw,in-prior
vp,0.581225574016571,100.0,60.0,DI-Weak,0.2631310820579529,raw,in-prior
vs,0.748583972454071,100.0,60.0,DI-Weak,0.14835357666015625,raw,in-prior
rho,0.28516846895217896,100.0,60.0,DI-Weak,0.060838229954242706,raw,in-prior
vp,0.6189139485359192,128.0,100.0,DI-Weak,0.3101811707019806,raw,in-prior
vs,0.8600376844406128,128.0,100.0,DI-Weak,0.17097796499729156,raw,in-prior
rho,0.2048688679933548,128.0,100.0,DI-Weak,0.05228534713387489,raw,in-prior
vp,0.615771472454071,10.0,0.0,DI-Weak,0.698124885559082,temperature_scaled,in-prior
vs,0.708544909954071,10.0,0.0,DI-Weak,0.4512799382209778,temperature_scaled,in-prior
rho,0.60498046875,10.0,0.0,DI-Weak,0.13413280248641968,temperature_scaled,in-prior
vp,0.7450927495956421,30.0,10.0,DI-Weak,0.5208038687705994,temperature_scaled,in-prior
vs,0.8793700933456421,30.0,10.0,DI-Weak,0.33095505833625793,temperature_scaled,in-prior
rho,0.71826171875,30.0,10.0,DI-Weak,0.13276299834251404,temperature_scaled,in-prior
vp,0.7014811038970947,60.0,30.0,DI-Weak,0.4760330319404602,temperature_scaled,in-prior
vs,0.8963378667831421,60.0,30.0,DI-Weak,0.2891947627067566,temperature_scaled,in-prior
rho,0.5674641728401184,60.0,30.0,DI-Weak,0.14179377257823944,temperature_scaled,in-prior
vp,0.7069457769393921,100.0,60.0,DI-Weak,0.34635502099990845,temperature_scaled,in-prior
vs,0.8600829839706421,100.0,60.0,DI-Weak,0.19527532160282135,temperature_scaled,in-prior
rho,0.3621459901332855,100.0,60.0,DI-Weak,0.08008034527301788,temperature_scaled,in-prior
vp,0.7537841796875,128.0,100.0,DI-Weak,0.40828630328178406,temperature_scaled,in-prior
vs,0.9412144422531128,128.0,100.0,DI-Weak,0.22505542635917664,temperature_scaled,in-prior
rho,0.2580217719078064,128.0,100.0,DI-Weak,0.06882233172655106,temperature_scaled,in-prior
vp,0.501513659954071,10.0,0.0,DI-Weak,0.2109089195728302,raw,boundary
vs,0.61767578125,10.0,0.0,DI-Weak,0.1584787368774414,raw,boundary
rho,0.4527343809604645,10.0,0.0,DI-Weak,0.05386565998196602,raw,boundary
vp,0.5047851800918579,30.0,10.0,DI-Weak,0.260336697101593,raw,boundary
vs,0.5927734375,30.0,10.0,DI-Weak,0.16862322390079498,raw,boundary
rho,0.49836426973342896,30.0,10.0,DI-Weak,0.05332197621464729,raw,boundary
vp,0.6298177242279053,60.0,30.0,DI-Weak,0.26116782426834106,raw,boundary
vs,0.7189778685569763,60.0,30.0,DI-Weak,0.15932923555374146,raw,boundary
rho,0.6549479365348816,60.0,30.0,DI-Weak,0.06528110057115555,raw,boundary
vp,0.3355468809604645,100.0,60.0,DI-Weak,0.2225383073091507,raw,boundary
vs,0.4320434629917145,100.0,60.0,DI-Weak,0.1255752146244049,raw,boundary
rho,0.3427734375,100.0,60.0,DI-Weak,0.06550299376249313,raw,boundary
vp,0.4112897515296936,128.0,100.0,DI-Weak,0.3072163164615631,raw,boundary
vs,0.4705287516117096,128.0,100.0,DI-Weak,0.16923539340496063,raw,boundary
rho,0.3709716796875,128.0,100.0,DI-Weak,0.08819238841533661,raw,boundary
vp,0.72900390625,10.0,0.0,DI-Weak,0.35574421286582947,temperature_scaled,boundary
vs,0.819580078125,10.0,0.0,DI-Weak,0.26730918884277344,temperature_scaled,boundary
rho,0.6725097894668579,10.0,0.0,DI-Weak,0.09085627645254135,temperature_scaled,boundary
vp,0.6999267339706421,30.0,10.0,DI-Weak,0.43911510705947876,temperature_scaled,boundary
vs,0.750781238079071,30.0,10.0,DI-Weak,0.28442010283470154,temperature_scaled,boundary
rho,0.6924804449081421,30.0,10.0,DI-Weak,0.08993923664093018,temperature_scaled,boundary
vp,0.823925793170929,60.0,30.0,DI-Weak,0.4405169188976288,temperature_scaled,boundary
vs,0.8709309697151184,60.0,30.0,DI-Weak,0.2687438130378723,temperature_scaled,boundary
rho,0.8557779788970947,60.0,30.0,DI-Weak,0.11011092364788055,temperature_scaled,boundary
vp,0.524169921875,100.0,60.0,DI-Weak,0.37535974383354187,temperature_scaled,boundary
vs,0.630358874797821,100.0,60.0,DI-Weak,0.21181020140647888,temperature_scaled,boundary
rho,0.552600085735321,100.0,60.0,DI-Weak,0.11048519611358643,temperature_scaled,boundary
vp,0.6050328016281128,128.0,100.0,DI-Weak,0.5181877613067627,temperature_scaled,boundary
vs,0.6503731608390808,128.0,100.0,DI-Weak,0.285452663898468,temperature_scaled,boundary
rho,0.5655517578125,128.0,100.0,DI-Weak,0.14875583350658417,temperature_scaled,boundary
vp,0.3214355409145355,10.0,0.0,DI-Weak,0.20465174317359924,raw,out-of-prior
vs,0.40522462129592896,10.0,0.0,DI-Weak,0.1495244801044464,raw,out-of-prior
rho,0.24477538466453552,10.0,0.0,DI-Weak,0.0582183375954628,raw,out-of-prior
vp,0.30791014432907104,30.0,10.0,DI-Weak,0.3370293080806732,raw,out-of-prior
vs,0.3259521424770355,30.0,10.0,DI-Weak,0.21105411648750305,raw,out-of-prior
rho,0.2978759706020355,30.0,10.0,DI-Weak,0.06495200097560883,raw,out-of-prior
vp,0.29374998807907104,60.0,30.0,DI-Weak,0.3366309106349945,raw,out-of-prior
vs,0.3244466185569763,60.0,30.0,DI-Weak,0.20055460929870605,raw,out-of-prior
rho,0.31466472148895264,60.0,30.0,DI-Weak,0.08326259255409241,raw,out-of-prior
vp,0.17249755561351776,100.0,60.0,DI-Weak,0.34994956851005554,raw,out-of-prior
vs,0.19544677436351776,100.0,60.0,DI-Weak,0.19657102227210999,raw,out-of-prior
rho,0.17215576767921448,100.0,60.0,DI-Weak,0.1000765934586525,raw,out-of-prior
vp,0.1798967570066452,128.0,100.0,DI-Weak,0.46138089895248413,raw,out-of-prior
vs,0.2137276828289032,128.0,100.0,DI-Weak,0.25400280952453613,raw,out-of-prior
rho,0.1524483859539032,128.0,100.0,DI-Weak,0.12066573649644852,raw,out-of-prior
vp,0.8114258050918579,10.0,0.0,DI-Weak,0.6825806498527527,temperature_scaled,out-of-prior
vs,0.8558105230331421,10.0,0.0,DI-Weak,0.4987131953239441,temperature_scaled,out-of-prior
rho,0.690234363079071,10.0,0.0,DI-Weak,0.19417724013328552,temperature_scaled,out-of-prior
vp,0.6209716796875,30.0,10.0,DI-Weak,1.124103307723999,temperature_scaled,out-of-prior
vs,0.6159423589706421,30.0,10.0,DI-Weak,0.7039346694946289,temperature_scaled,out-of-prior
rho,0.6134277582168579,30.0,10.0,DI-Weak,0.21663621068000793,temperature_scaled,out-of-prior
vp,0.705078125,60.0,30.0,DI-Weak,1.1227744817733765,temperature_scaled,out-of-prior
vs,0.7430827021598816,60.0,30.0,DI-Weak,0.6689154505729675,temperature_scaled,out-of-prior
rho,0.83544921875,60.0,30.0,DI-Weak,0.2777080237865448,temperature_scaled,out-of-prior
vp,0.6012207269668579,100.0,60.0,DI-Weak,1.16719651222229,temperature_scaled,out-of-prior
vs,0.6553589105606079,100.0,60.0,DI-Weak,0.6556288599967957,temperature_scaled,out-of-prior
rho,0.6892334222793579,100.0,60.0,DI-Weak,0.33378827571868896,temperature_scaled,out-of-prior
vp,0.5811592936515808,128.0,100.0,DI-Weak,1.5388565063476562,temperature_scaled,out-of-prior
vs,0.6244245171546936,128.0,100.0,DI-Weak,0.8471826314926147,temperature_scaled,out-of-prior
rho,0.6205880045890808,128.0,100.0,DI-Weak,0.4024597704410553,temperature_scaled,out-of-prior
