bin_left,bin_right,count,method,scale_label,test_set
0.0,0.05,57341,DI-Strong,raw,in-prior
0.05,0.1,35046,DI-Strong,raw,in-prior
0.1,0.15000000000000002,34440,DI-Strong,raw,in-prior
0.15000000000000002,0.2,34705,DI-Strong,raw,in-prior
0.2,0.25,34049,DI-Strong,raw,in-prior
0.25,0.30000000000000004,45279,DI-Strong,raw,in-prior
0.30000000000000004,0.35000000000000003,34411,DI-Strong,raw,in-prior
0.35000000000000003,0.4,33298,DI-Strong,raw,in-prior
0.4,0.45,34308,DI-Strong,raw,in-prior
0.45,0.5,35316,DI-Strong,raw,in-prior
0.5,0.55,46480,DI-Strong,raw,in-prior
0.55,0.6000000000000001,35636,DI-Strong,raw,in-prior
0.6000000000000001,0.65,35786,DI-Strong,raw,in-prior
0.65,0.7000000000000001,35349,DI-Strong,raw,in-prior
0.7000000000000001,0.75,34810,DI-Strong,raw,in-prior
0.75,0.8,46963,DI-Strong,raw,in-prior
0.8,0.8500000000000001,35534,DI-Strong,raw,in-prior
0.8500000000000001,0.9,36790,DI-Strong,raw,in-prior
0.9,0.9500000000000001,37211,DI-Strong,raw,in-prior
0.9500000000000001,1.0,63680,DI-Strong,raw,in-prior
0.0,0.05,42657,DI-Strong,temperature_scaled,in-prior
0.05,0.1,32037,DI-Strong,temperature_scaled,in-prior
0.1,0.15000000000000002,32844,DI-Strong,temperature_scaled,in-prior
0.15000000000000002,0.2,35084,DI-Strong,temperature_scaled,in-prior
0.2,0.25,35143,DI-Strong,temperature_scaled,in-prior
0.25,0.30000000000000004,48462,DI-Strong,temperature_scaled,in-prior
0.30000000000000004,0.35000000000000003,37422,DI-Strong,temperature_scaled,in-prior
0.35000000000000003,0.4,36861,DI-Strong,temperature_scaled,in-prior
0.4,0.45,37747,DI-Strong,temperature_scaled,in-prior
0.45,0.5,39265,DI-Strong,temperature_scaled,in-prior
0.5,0.55,51700,DI-Strong,temperature_scaled,in-prior
0.55,0.6000000000000001,39590,DI-Strong,temperature_scaled,in-prior
0.6000000000000001,0.65,39455,DI-Strong,temperature_scaled,in-prior
0.65,0.7000000000000001,38185,DI-Strong,temperature_scaled,in-prior
0.7000000000000001,0.75,37527,DI-Strong,temperature_scaled,in-prior
0.75,0.8,48729,DI-Strong,temperature_scaled,in-prior
0.8,0.8500000000000001,36269,DI-Strong,temperature_scaled,in-prior
0.8500000000000001,0.9,35167,DI-Strong,temperature_scaled,in-prior
0.9,0.9500000000000001,33440,DI-Strong,temperature_scaled,in-prior
0.9500000000000001,1.0,48848,DI-Strong,temperature_scaled,in-prior
0.0,0.05,457828,DI-Strong,raw,boundary
0.05,0.1,43632,DI-Strong,raw,boundary
0.1,0.15000000000000002,31576,DI-Strong,raw,boundary
0.15000000000000002,0.2,24479,DI-Strong,raw,boundary
0.2,0.25,19639,DI-Strong,raw,boundary
0.25,0.30000000000000004,22330,DI-Strong,raw,boundary
0.30000000000000004,0.35000000000000003,15102,DI-Strong,raw,boundary
0.35000000000000003,0.4,13775,DI-Strong,raw,boundary
0.4,0.45,12416,DI-Strong,raw,boundary
0.45,0.5,11970,DI-Strong,raw,boundary
0.5,0.55,15155,DI-Strong,raw,boundary
0.55,0.6000000000000001,11068,DI-Strong,raw,boundary
0.6000000000000001,0.65,10233,DI-Strong,raw,boundary
0.65,0.7000000000000001,9939,DI-Strong,raw,boundary
0.7000000000000001,0.75,9759,DI-Strong,raw,boundary
0.75,0.8,13216,DI-Strong,raw,boundary
0.8,0.8500000000000001,9926,DI-Strong,raw,boundary
0.8500000000000001,0.9,10745,DI-Strong,raw,boundary
0.9,0.9500000000000001,11680,DI-Strong,raw,boundary
0.9500000000000001,1.0,31964,DI-Strong,raw,boundary
0.0,0.05,66005,DI-Strong,temperature_scaled,boundary
0.05,0.1,72982,DI-Strong,temperature_scaled,boundary
0.1,0.15000000000000002,75617,DI-Strong,temperature_scaled,boundary
0.15000000000000002,0.2,76947,DI-Strong,temperature_scaled,boundary
0.2,0.25,71219,DI-Strong,temperature_scaled,boundary
0.25,0.30000000000000004,86356,DI-Strong,temperature_scaled,boundary
0.30000000000000004,0.35000000000000003,58987,DI-Strong,temperature_scaled,boundary
0.35000000000000003,0.4,53113,DI-Strong,temperature_scaled,boundary
0.4,0.45,46614,DI-Strong,temperature_scaled,boundary
0.45,0.5,40549,DI-Strong,temperature_scaled,boundary
0.5,0.55,44057,DI-Strong,temperature_scaled,boundary
0.55,0.6000000000000001,25939,DI-Strong,temperature_scaled,boundary
0.6000000000000001,0.65,20314,DI-Strong,temperature_scaled,boundary
0.65,0.7000000000000001,15539,DI-Strong,temperature_scaled,boundary
0.7000000000000001,0.75,11720,DI-Strong,temperature_scaled,boundary
0.75,0.8,10382,DI-Strong,temperature_scaled,boundary
0.8,0.8500000000000001,5020,DI-Strong,temperature_scaled,boundary
0.8500000000000001,0.9,3038,DI-Strong,temperature_scaled,boundary
0.9,0.9500000000000001,1548,DI-Strong,temperature_scaled,boundary
0.9500000000000001,1.0,486,DI-Strong,temperature_scaled,boundary
0.0,0.05,573040,DI-Strong,raw,out-of-prior
0.05,0.1,20456,DI-Strong,raw,out-of-prior
0.1,0.15000000000000002,13038,DI-Strong,raw,out-of-prior
0.15000000000000002,0.2,11094,DI-Strong,raw,out-of-prior
0.2,0.25,9412,DI-Strong,raw,out-of-prior
0.25,0.30000000000000004,11304,DI-Strong,raw,out-of-prior
0.30000000000000004,0.35000000000000003,7831,DI-Strong,raw,out-of-prior
0.35000000000000003,0.4,7598,DI-Strong,raw,out-of-prior
0.4,0.45,7308,DI-Strong,raw,out-of-prior
0.45,0.5,6889,DI-Strong,raw,out-of-prior
0.5,0.55,8919,DI-Strong,raw,out-of-prior
0.55,0.6000000000000001,6908,DI-Strong,raw,out-of-prior
0.6000000000000001,0.65,6778,DI-Strong,raw,out-of-prior
0.65,0.7000000000000001,6952,DI-Strong,raw,out-of-prior
0.7000000000000001,0.75,7082,DI-Strong,raw,out-of-prior
0.75,0.8,9993,DI-Strong,raw,out-of-prior
0.8,0.8500000000000001,7835,DI-Strong,raw,out-of-prior
0.8500000000000001,0.9,8765,DI-Strong,raw,out-of-prior
0.9,0.9500000000000001,10182,DI-Strong,raw,out-of-prior
0.9500000000000001,1.0,45048,DI-Strong,raw,out-of-prior
0.0,0.05,66225,DI-Strong,temperature_scaled,out-of-prior
0.05,0.1,70217,DI-Strong,temperature_scaled,out-of-prior
0.1,0.15000000000000002,81650,DI-Strong,temperature_scaled,out-of-prior
0.15000000000000002,0.2,92144,DI-Strong,temperature_scaled,out-of-prior
0.2,0.25,92424,DI-Strong,temperature_scaled,out-of-prior
0.25,0.30000000000000004,101938,DI-Strong,temperature_scaled,out-of-prior
0.30000000000000004,0.35000000000000003,52613,DI-Strong,temperature_scaled,out-of-prior
0.35000000000000003,0.4,39621,DI-Strong,temperature_scaled,out-of-prior
0.4,0.45,34078,DI-Strong,temperature_scaled,out-of-prior
0.45,0.5,32947,DI-Strong,temperature_scaled,out-of-prior
0.5,0.55,39082,DI-Strong,temperature_scaled,out-of-prior
0.55,0.6000000000000001,23332,DI-Strong,temperature_scaled,out-of-prior
0.6000000000000001,0.65,18479,DI-Strong,temperature_scaled,out-of-prior
0.65,0.7000000000000001,13601,DI-Strong,temperature_scaled,out-of-prior
0.7000000000000001,0.75,10560,DI-Strong,temperature_scaled,out-of-prior
0.75,0.8,9218,DI-Strong,temperature_scaled,out-of-prior
0.8,0.8500000000000001,3962,DI-Strong,temperature_scaled,out-of-prior
0.8500000000000001,0.9,2260,DI-Strong,temperature_scaled,out-of-prior
0.9,0.9500000000000001,1340,DI-Strong,temperature_scaled,out-of-prior
0.9500000000000001,1.0,741,DI-Strong,temperature_scaled,out-of-prior
0.0,0.05,46434,DI-Weak,raw,in-prior
0.05,0.1,27606,DI-Weak,raw,in-prior
0.1,0.15000000000000002,28170,DI-Weak,raw,in-prior
0.15000000000000002,0.2,29238,DI-Weak,raw,in-prior
0.2,0.25,30136,DI-Weak,raw,in-prior
0.25,0.30000000000000004,42301,DI-Weak,raw,in-prior
0.30000000000000004,0.35000000000000003,33408,DI-Weak,raw,in-prior
0.35000000000000003,0.4,33399,DI-Weak,raw,in-prior
0.4,0.45,33916,DI-Weak,raw,in-prior
0.45,0.5,33690,DI-Weak,raw,in-prior
0.5,0.55,45309,DI-Weak,raw,in-prior
0.55,0.6000000000000001,33217,DI-Weak,raw,in-prior
0.6000000000000001,0.65,31590,DI-Weak,raw,in-prior
0.65,0.7000000000000001,31229,DI-Weak,raw,in-prior
0.7000000000000001,0.75,30225,DI-Weak,raw,in-prior
0.75,0.8,39745,DI-Weak,raw,in-prior
0.8,0.8500000000000001,30586,DI-Weak,raw,in-prior
0.8500000000000001,0.9,31719,DI-Weak,raw,in-prior
0.9,0.9500000000000001,32727,DI-Weak,raw,in-prior
0.9500000000000001,1.0,141787,DI-Weak,raw,in-prior
0.0,0.05,22480,DI-Weak,temperature_scaled,in-prior
0.05,0.1,18890,DI-Weak,temperature_scaled,in-prior
0.1,0.15000000000000002,22548,DI-Weak,temperature_scaled,in-prior
0.15000000000000002,0.2,26794,DI-Weak,temperature_scaled,in-prior
0.2,0.25,30715,DI-Weak,temperature_scaled,in-prior
0.25,0.30000000000000004,46115,DI-Weak,temperature_scaled,in-prior
0.30000000000000004,0.35000000000000003,38898,DI-Weak,temperature_scaled,in-prior
0.35000000000000003,0.4,41803,DI-Weak,temperature_scaled,in-prior
0.4,0.45,44156,DI-Weak,temperature_scaled,in-prior
0.45,0.5,44182,DI-Weak,temperature_scaled,in-prior
0.5,0.55,59255,DI-Weak,temperature_scaled,in-prior
0.55,0.6000000000000001,41702,DI-Weak,temperature_scaled,in-prior
0.6000000000000001,0.65,39414,DI-Weak,temperature_scaled,in-prior
0.65,0.7000000000000001,36903,DI-Weak,temperature_scaled,in-prior
0.7000000000000001,0.75,34637,DI-Weak,temperature_scaled,in-prior
0.75,0.8,43619,DI-Weak,temperature_scaled,in-prior
0.8,0.8500000000000001,30350,DI-Weak,temperature_scaled,in-prior
0.8500000000000001,0.9,28049,DI-Weak,temperature_scaled,in-prior
0.9,0.9500000000000001,28124,DI-Weak,temperature_scaled,in-prior
0.9500000000000001,1.0,107798,DI-Weak,temperature_scaled,in-prior
0.0,0.05,220812,DI-Weak,raw,boundary
0.05,0.1,38349,DI-Weak,raw,boundary
0.1,0.15000000000000002,33600,DI-Weak,raw,boundary
0.15000000000000002,0.2,30558,DI-Weak,raw,boundary
0.2,0.25,29778,DI-Weak,raw,boundary
0.25,0.30000000000000004,38573,DI-Weak,raw,boundary
0.30000000000000004,0.35000000000000003,28112,DI-Weak,raw,boundary
0.35000000000000003,0.4,27768,DI-Weak,raw,boundary
0.4,0.45,27627,DI-Weak,raw,boundary
0.45,0.5,27373,DI-Weak,raw,boundary
0.5,0.55,35330,DI-Weak,raw,boundary
0.55,0.6000000000000001,26089,DI-Weak,raw,boundary
0.6000000000000001,0.65,25824,DI-Weak,raw,boundary
0.65,0.7000000000000001,25740,DI-Weak,raw,boundary
0.7000000000000001,0.75,25096,DI-Weak,raw,boundary
0.75,0.8,32038,DI-Weak,raw,boundary
0.8,0.8500000000000001,23128,DI-Weak,raw,boundary
0.8500000000000001,0.9,22155,DI-Weak,raw,boundary
0.9,0.9500000000000001,23250,DI-Weak,raw,boundary
0.9500000000000001,1.0,45232,DI-Weak,raw,boundary
0.0,0.05,122955,DI-Weak,temperature_scaled,boundary
0.05,0.1,36206,DI-Weak,temperature_scaled,boundary
0.1,0.15000000000000002,33600,DI-Weak,temperature_scaled,boundary
0.15000000000000002,0.2,35396,DI-Weak,temperature_scaled,boundary
0.2,0.25,37206,DI-Weak,temperature_scaled,boundary
0.25,0.30000000000000004,52729,DI-Weak,temperature_scaled,boundary
0.30000000000000004,0.35000000000000003,43374,DI-Weak,temperature_scaled,boundary
0.35000000000000003,0.4,45099,DI-Weak,temperature_scaled,boundary
0.4,0.45,46284,DI-Weak,temperature_scaled,boundary
0.45,0.5,46639,DI-Weak,temperature_scaled,boundary
0.5,0.55,58209,DI-Weak,temperature_scaled,boundary
0.55,0.6000000000000001,40986,DI-Weak,temperature_scaled,boundary
0.6000000000000001,0.65,37693,DI-Weak,temperature_scaled,boundary
0.65,0.7000000000000001,32650,DI-Weak,temperature_scaled,boundary
0.7000000000000001,0.75,27717,DI-Weak,temperature_scaled,boundary
0.75,0.8,30270,DI-Weak,temperature_scaled,boundary
0.8,0.8500000000000001,18417,DI-Weak,temperature_scaled,boundary
0.8500000000000001,0.9,14358,DI-Weak,temperature_scaled,boundary
0.9,0.9500000000000001,11448,DI-Weak,temperature_scaled,boundary
0.9500000000000001,1.0,15196,DI-Weak,temperature_scaled,boundary
0.0,0.05,464954,DI-Weak,raw,out-of-prior
0.05,0.1,29949,DI-Weak,raw,out-of-prior
0.1,0.15000000000000002,22376,DI-Weak,raw,out-of-prior
0.15000000000000002,0.2,18820,DI-Weak,raw,out-of-prior
0.2,0.25,17103,DI-Weak,raw,out-of-prior
0.25,0.30000000000000004,21745,DI-Weak,raw,out-of-prior
0.30000000000000004,0.35000000000000003,14773,DI-Weak,raw,out-of-prior
0.35000000000000003,0.4,14395,DI-Weak,raw,out-of-prior
0.4,0.45,13760,DI-Weak,raw,out-of-prior
0.45,0.5,13207,DI-Weak,raw,out-of-prior
0.5,0.55,16330,DI-Weak,raw,out-of-prior
0.55,0.6000000000000001,12049,DI-Weak,raw,out-of-prior
0.6000000000000001,0.65,11585,DI-Weak,raw,out-of-prior
0.65,0.7000000000000001,11271,DI-Weak,raw,out-of-prior
0.7000000000000001,0.75,10999,DI-Weak,raw,out-of-prior
0.75,0.8,14655,DI-Weak,raw,out-of-prior
0.8,0.8500000000000001,11454,DI-Weak,raw,out-of-prior
0.8500000000000001,0.9,12134,DI-Weak,raw,out-of-prior
0.9,0.9500000000000001,13391,DI-Weak,raw,out-of-prior
0.9500000000000001,1.0,41482,DI-Weak,raw,out-of-prior
0.0,0.05,124155,DI-Weak,temperature_scaled,out-of-prior
0.05,0.1,47983,DI-Weak,temperature_scaled,out-of-prior
0.1,0.15000000000000002,51413,DI-Weak,temperature_scaled,out-of-prior
0.15000000000000002,0.2,56334,DI-Weak,temperature_scaled,out-of-prior
0.2,0.25,61563,DI-Weak,temperature_scaled,out-of-prior
0.25,0.30000000000000004,81166,DI-Weak,temperature_scaled,out-of-prior
0.30000000000000004,0.35000000000000003,56061,DI-Weak,temperature_scaled,out-of-prior
0.35000000000000003,0.4,51230,DI-Weak,temperature_scaled,out-of-prior
0.4,0.45,49313,DI-Weak,temperature_scaled,out-of-prior
0.45,0.5,46738,DI-Weak,temperature_scaled,out-of-prior
0.5,0.55,50226,DI-Weak,temperature_scaled,out-of-prior
0.55,0.6000000000000001,28503,DI-Weak,temperature_scaled,out-of-prior
0.6000000000000001,0.65,22363,DI-Weak,temperature_scaled,out-of-prior
0.65,0.7000000000000001,16837,DI-Weak,temperature_scaled,out-of-prior
0.7000000000000001,0.75,12681,DI-Weak,temperature_scaled,out-of-prior
0.75,0.8,11337,DI-Weak,temperature_scaled,out-of-prior
0.8,0.8500000000000001,5940,DI-Weak,temperature_scaled,out-of-prior
0.8500000000000001,0.9,4315,DI-Weak,temperature_scaled,out-of-prior
0.9,0.9500000000000001,3653,DI-Weak,temperature_scaled,out-of-prior
0.9500000000000001,1.0,4621,DI-Weak,temperature_scaled,out-of-prior
